scenario,corr_type,instance_file,n,obj_value,runtime
scenario 1,correlated,scen_1id_10_objs_1000_size_1550_sets_89_k_18_correlated.txt,1000,2602.0,4.32
scenario 1,correlated,scen_1id_10_objs_300_size_465_sets_77_k_20_correlated.txt,300,1271.0,0.07
scenario 1,correlated,scen_1id_10_objs_500_size_775_sets_83_k_20_correlated.txt,500,1767.0,0.42
scenario 1,correlated,scen_1id_10_objs_700_size_1085_sets_91_k_20_correlated.txt,700,2175.0,1.52
scenario 1,correlated,scen_1id_10_objs_800_size_1240_sets_94_k_18_correlated.txt,800,2342.0,2.04
scenario 1,correlated,scen_1id_1_objs_1000_size_1550_sets_89_k_18_correlated.txt,1000,2602.0,4.07
scenario 1,correlated,scen_1id_1_objs_300_size_465_sets_74_k_20_correlated.txt,300,1174.0,0.07
scenario 1,correlated,scen_1id_1_objs_500_size_775_sets_78_k_20_correlated.txt,500,1732.0,0.46
scenario 1,correlated,scen_1id_1_objs_700_size_1085_sets_82_k_20_correlated.txt,700,2085.0,1.49
scenario 1,correlated,scen_1id_1_objs_800_size_1240_sets_93_k_18_correlated.txt,800,2332.0,2.09
scenario 1,correlated,scen_1id_2_objs_1000_size_1550_sets_96_k_18_correlated.txt,1000,2672.0,3.93
scenario 1,correlated,scen_1id_2_objs_300_size_465_sets_79_k_20_correlated.txt,300,1258.0,0.07
scenario 1,correlated,scen_1id_2_objs_500_size_775_sets_83_k_20_correlated.txt,500,1771.0,0.47
scenario 1,correlated,scen_1id_2_objs_700_size_1085_sets_102_k_20_correlated.txt,700,2282.0,1.31
scenario 1,correlated,scen_1id_2_objs_800_size_1240_sets_100_k_18_correlated.txt,800,2402.0,2.34
scenario 1,correlated,scen_1id_3_objs_1000_size_1550_sets_89_k_18_correlated.txt,1000,2602.0,5.40
scenario 1,correlated,scen_1id_3_objs_300_size_465_sets_76_k_20_correlated.txt,300,1215.0,0.08
scenario 1,correlated,scen_1id_3_objs_500_size_775_sets_84_k_20_correlated.txt,500,1776.0,0.47
scenario 1,correlated,scen_1id_3_objs_700_size_1085_sets_86_k_20_correlated.txt,700,2125.0,1.73
scenario 1,correlated,scen_1id_3_objs_800_size_1240_sets_92_k_18_correlated.txt,800,2317.0,2.49
scenario 1,correlated,scen_1id_4_objs_1000_size_1550_sets_90_k_18_correlated.txt,1000,2612.0,5.03
scenario 1,correlated,scen_1id_4_objs_300_size_465_sets_78_k_20_correlated.txt,300,1201.0,0.07
scenario 1,correlated,scen_1id_4_objs_500_size_775_sets_81_k_20_correlated.txt,500,1756.0,0.64
scenario 1,correlated,scen_1id_4_objs_700_size_1085_sets_82_k_20_correlated.txt,700,2085.0,1.86
scenario 1,correlated,scen_1id_4_objs_800_size_1240_sets_99_k_18_correlated.txt,800,2392.0,2.29
scenario 1,correlated,scen_1id_5_objs_1000_size_1550_sets_84_k_18_correlated.txt,1000,2542.0,5.23
scenario 1,correlated,scen_1id_5_objs_300_size_465_sets_75_k_20_correlated.txt,300,1199.0,0.07
scenario 1,correlated,scen_1id_5_objs_500_size_775_sets_83_k_20_correlated.txt,500,1778.0,0.48
scenario 1,correlated,scen_1id_5_objs_700_size_1085_sets_80_k_20_correlated.txt,700,2065.0,1.74
scenario 1,correlated,scen_1id_5_objs_800_size_1240_sets_91_k_18_correlated.txt,800,2312.0,2.30
scenario 1,correlated,scen_1id_6_objs_1000_size_1550_sets_91_k_18_correlated.txt,1000,2622.0,5.05
scenario 1,correlated,scen_1id_6_objs_300_size_465_sets_78_k_20_correlated.txt,300,1208.0,0.08
scenario 1,correlated,scen_1id_6_objs_500_size_775_sets_87_k_20_correlated.txt,500,1819.0,0.43
scenario 1,correlated,scen_1id_6_objs_700_size_1085_sets_92_k_20_correlated.txt,700,2180.0,1.48
scenario 1,correlated,scen_1id_6_objs_800_size_1240_sets_87_k_18_correlated.txt,800,2272.0,2.48
scenario 1,correlated,scen_1id_7_objs_1000_size_1550_sets_96_k_18_correlated.txt,1000,2672.0,4.52
scenario 1,correlated,scen_1id_7_objs_300_size_465_sets_78_k_20_correlated.txt,300,1235.0,0.06
scenario 1,correlated,scen_1id_7_objs_500_size_775_sets_83_k_20_correlated.txt,500,1779.0,0.47
scenario 1,correlated,scen_1id_7_objs_700_size_1085_sets_88_k_20_correlated.txt,700,2145.0,1.68
scenario 1,correlated,scen_1id_7_objs_800_size_1240_sets_86_k_18_correlated.txt,800,2253.0,2.72
scenario 1,correlated,scen_1id_8_objs_1000_size_1550_sets_93_k_18_correlated.txt,1000,2642.0,4.82
scenario 1,correlated,scen_1id_8_objs_300_size_465_sets_76_k_20_correlated.txt,300,1242.0,0.08
scenario 1,correlated,scen_1id_8_objs_500_size_775_sets_83_k_20_correlated.txt,500,1775.0,0.47
scenario 1,correlated,scen_1id_8_objs_700_size_1085_sets_88_k_20_correlated.txt,700,2145.0,1.59
scenario 1,correlated,scen_1id_8_objs_800_size_1240_sets_81_k_18_correlated.txt,800,2212.0,2.57
scenario 1,correlated,scen_1id_9_objs_1000_size_1550_sets_85_k_18_correlated.txt,1000,2562.0,5.14
scenario 1,correlated,scen_1id_9_objs_300_size_465_sets_74_k_20_correlated.txt,300,1171.0,0.08
scenario 1,correlated,scen_1id_9_objs_500_size_775_sets_82_k_20_correlated.txt,500,1768.0,0.57
scenario 1,correlated,scen_1id_9_objs_700_size_1085_sets_90_k_20_correlated.txt,700,2165.0,1.62
scenario 1,correlated,scen_1id_9_objs_800_size_1240_sets_96_k_18_correlated.txt,800,2362.0,2.32
scenario 1,fully-correlated,scen_1id_10_objs_1000_size_1550_sets_96_k_18_fully-correlated.txt,1000,2654.0,5.09
scenario 1,fully-correlated,scen_1id_10_objs_300_size_465_sets_73_k_20_fully-correlated.txt,300,1186.0,0.08
scenario 1,fully-correlated,scen_1id_10_objs_500_size_775_sets_79_k_20_fully-correlated.txt,500,1682.0,0.54
scenario 1,fully-correlated,scen_1id_10_objs_700_size_1085_sets_82_k_20_fully-correlated.txt,700,2065.0,1.74
scenario 1,fully-correlated,scen_1id_10_objs_800_size_1240_sets_93_k_18_fully-correlated.txt,800,2311.0,2.50
scenario 1,fully-correlated,scen_1id_1_objs_1000_size_1550_sets_88_k_18_fully-correlated.txt,1000,2574.0,4.60
scenario 1,fully-correlated,scen_1id_1_objs_300_size_465_sets_78_k_20_fully-correlated.txt,300,1186.0,0.07
scenario 1,fully-correlated,scen_1id_1_objs_500_size_775_sets_87_k_20_fully-correlated.txt,500,1756.0,0.41
scenario 1,fully-correlated,scen_1id_1_objs_700_size_1085_sets_92_k_20_fully-correlated.txt,700,2147.0,1.44
scenario 1,fully-correlated,scen_1id_1_objs_800_size_1240_sets_94_k_18_fully-correlated.txt,800,2306.0,2.14
scenario 1,fully-correlated,scen_1id_2_objs_1000_size_1550_sets_85_k_18_fully-correlated.txt,1000,2544.0,4.49
scenario 1,fully-correlated,scen_1id_2_objs_300_size_465_sets_75_k_20_fully-correlated.txt,300,1238.0,0.08
scenario 1,fully-correlated,scen_1id_2_objs_500_size_775_sets_85_k_20_fully-correlated.txt,500,1772.0,0.46
scenario 1,fully-correlated,scen_1id_2_objs_700_size_1085_sets_84_k_20_fully-correlated.txt,700,2065.0,1.58
scenario 1,fully-correlated,scen_1id_2_objs_800_size_1240_sets_81_k_18_fully-correlated.txt,800,2176.0,2.92
scenario 1,fully-correlated,scen_1id_3_objs_1000_size_1550_sets_91_k_18_fully-correlated.txt,1000,2604.0,5.58
scenario 1,fully-correlated,scen_1id_3_objs_300_size_465_sets_78_k_20_fully-correlated.txt,300,1227.0,0.07
scenario 1,fully-correlated,scen_1id_3_objs_500_size_775_sets_88_k_20_fully-correlated.txt,500,1793.0,0.49
scenario 1,fully-correlated,scen_1id_3_objs_700_size_1085_sets_87_k_20_fully-correlated.txt,700,2095.0,1.74
scenario 1,fully-correlated,scen_1id_3_objs_800_size_1240_sets_93_k_18_fully-correlated.txt,800,2296.0,2.63
scenario 1,fully-correlated,scen_1id_4_objs_1000_size_1550_sets_113_k_18_fully-correlated.txt,1000,2825.0,4.61
scenario 1,fully-correlated,scen_1id_4_objs_300_size_465_sets_75_k_20_fully-correlated.txt,300,1163.0,0.09
scenario 1,fully-correlated,scen_1id_4_objs_500_size_775_sets_93_k_20_fully-correlated.txt,500,1833.0,0.54
scenario 1,fully-correlated,scen_1id_4_objs_700_size_1085_sets_83_k_20_fully-correlated.txt,700,2055.0,2.03
scenario 1,fully-correlated,scen_1id_4_objs_800_size_1240_sets_85_k_18_fully-correlated.txt,800,2216.0,2.61
scenario 1,fully-correlated,scen_1id_5_objs_1000_size_1550_sets_99_k_18_fully-correlated.txt,1000,2684.0,4.95
scenario 1,fully-correlated,scen_1id_5_objs_300_size_465_sets_78_k_20_fully-correlated.txt,300,1218.0,0.12
scenario 1,fully-correlated,scen_1id_5_objs_500_size_775_sets_79_k_20_fully-correlated.txt,500,1694.0,0.61
scenario 1,fully-correlated,scen_1id_5_objs_700_size_1085_sets_92_k_20_fully-correlated.txt,700,2145.0,1.74
scenario 1,fully-correlated,scen_1id_5_objs_800_size_1240_sets_86_k_18_fully-correlated.txt,800,2226.0,2.65
scenario 1,fully-correlated,scen_1id_6_objs_1000_size_1550_sets_95_k_18_fully-correlated.txt,1000,2644.0,5.09
scenario 1,fully-correlated,scen_1id_6_objs_300_size_465_sets_75_k_20_fully-correlated.txt,300,1213.0,0.09
scenario 1,fully-correlated,scen_1id_6_objs_500_size_775_sets_81_k_20_fully-correlated.txt,500,1705.0,0.56
scenario 1,fully-correlated,scen_1id_6_objs_700_size_1085_sets_89_k_20_fully-correlated.txt,700,2115.0,1.81
scenario 1,fully-correlated,scen_1id_6_objs_800_size_1240_sets_94_k_18_fully-correlated.txt,800,2306.0,2.40
scenario 1,fully-correlated,scen_1id_7_objs_1000_size_1550_sets_96_k_18_fully-correlated.txt,1000,2654.0,4.99
scenario 1,fully-correlated,scen_1id_7_objs_300_size_465_sets_78_k_20_fully-correlated.txt,300,1236.0,0.08
scenario 1,fully-correlated,scen_1id_7_objs_500_size_775_sets_93_k_20_fully-correlated.txt,500,1822.0,0.46
scenario 1,fully-correlated,scen_1id_7_objs_700_size_1085_sets_97_k_20_fully-correlated.txt,700,2195.0,1.72
scenario 1,fully-correlated,scen_1id_7_objs_800_size_1240_sets_86_k_18_fully-correlated.txt,800,2233.0,2.77
scenario 1,fully-correlated,scen_1id_8_objs_1000_size_1550_sets_94_k_18_fully-correlated.txt,1000,2634.0,4.85
scenario 1,fully-correlated,scen_1id_8_objs_300_size_465_sets_74_k_20_fully-correlated.txt,300,1177.0,0.08
scenario 1,fully-correlated,scen_1id_8_objs_500_size_775_sets_83_k_20_fully-correlated.txt,500,1721.0,0.48
scenario 1,fully-correlated,scen_1id_8_objs_700_size_1085_sets_94_k_20_fully-correlated.txt,700,2167.0,1.53
scenario 1,fully-correlated,scen_1id_8_objs_800_size_1240_sets_87_k_18_fully-correlated.txt,800,2254.0,2.67
scenario 1,fully-correlated,scen_1id_9_objs_1000_size_1550_sets_91_k_18_fully-correlated.txt,1000,2604.0,4.88
scenario 1,fully-correlated,scen_1id_9_objs_300_size_465_sets_72_k_20_fully-correlated.txt,300,1168.0,0.08
scenario 1,fully-correlated,scen_1id_9_objs_500_size_775_sets_78_k_20_fully-correlated.txt,500,1664.0,0.50
scenario 1,fully-correlated,scen_1id_9_objs_700_size_1085_sets_84_k_20_fully-correlated.txt,700,2065.0,1.47
scenario 1,fully-correlated,scen_1id_9_objs_800_size_1240_sets_92_k_18_fully-correlated.txt,800,2286.0,2.14
scenario 1,not-correlated,scen_1id_10_objs_1000_size_1550_sets_93_k_18_not-correlated.txt,1000,3026.0,4.23
scenario 1,not-correlated,scen_1id_10_objs_300_size_465_sets_78_k_20_not-correlated.txt,300,1495.0,0.07
scenario 1,not-correlated,scen_1id_10_objs_500_size_775_sets_81_k_20_not-correlated.txt,500,2302.0,0.45
scenario 1,not-correlated,scen_1id_10_objs_700_size_1085_sets_89_k_20_not-correlated.txt,700,2715.0,1.34
scenario 1,not-correlated,scen_1id_10_objs_800_size_1240_sets_84_k_18_not-correlated.txt,800,2683.0,2.52
scenario 1,not-correlated,scen_1id_1_objs_1000_size_1550_sets_89_k_18_not-correlated.txt,1000,2878.0,4.63
scenario 1,not-correlated,scen_1id_1_objs_300_size_465_sets_76_k_20_not-correlated.txt,300,1515.0,0.08
scenario 1,not-correlated,scen_1id_1_objs_500_size_775_sets_83_k_20_not-correlated.txt,500,2307.0,0.50
scenario 1,not-correlated,scen_1id_1_objs_700_size_1085_sets_91_k_20_not-correlated.txt,700,2603.0,1.64
scenario 1,not-correlated,scen_1id_1_objs_800_size_1240_sets_85_k_18_not-correlated.txt,800,2632.0,2.62
scenario 1,not-correlated,scen_1id_2_objs_1000_size_1550_sets_87_k_18_not-correlated.txt,1000,2778.0,5.38
scenario 1,not-correlated,scen_1id_2_objs_300_size_465_sets_74_k_20_not-correlated.txt,300,1478.0,0.08
scenario 1,not-correlated,scen_1id_2_objs_500_size_775_sets_79_k_20_not-correlated.txt,500,2209.0,0.56
scenario 1,not-correlated,scen_1id_2_objs_700_size_1085_sets_80_k_20_not-correlated.txt,700,2512.0,2.11
scenario 1,not-correlated,scen_1id_2_objs_800_size_1240_sets_95_k_18_not-correlated.txt,800,2859.0,2.32
scenario 1,not-correlated,scen_1id_3_objs_1000_size_1550_sets_88_k_18_not-correlated.txt,1000,2815.0,5.35
scenario 1,not-correlated,scen_1id_3_objs_300_size_465_sets_74_k_20_not-correlated.txt,300,1409.0,0.08
scenario 1,not-correlated,scen_1id_3_objs_500_size_775_sets_80_k_20_not-correlated.txt,500,2245.0,0.51
scenario 1,not-correlated,scen_1id_3_objs_700_size_1085_sets_84_k_20_not-correlated.txt,700,2611.0,1.42
scenario 1,not-correlated,scen_1id_3_objs_800_size_1240_sets_96_k_18_not-correlated.txt,800,2862.0,2.04
scenario 1,not-correlated,scen_1id_4_objs_1000_size_1550_sets_97_k_18_not-correlated.txt,1000,3071.0,4.57
scenario 1,not-correlated,scen_1id_4_objs_300_size_465_sets_77_k_20_not-correlated.txt,300,1706.0,0.08
scenario 1,not-correlated,scen_1id_4_objs_500_size_775_sets_84_k_20_not-correlated.txt,500,2117.0,0.47
scenario 1,not-correlated,scen_1id_4_objs_700_size_1085_sets_86_k_20_not-correlated.txt,700,2646.0,1.40
scenario 1,not-correlated,scen_1id_4_objs_800_size_1240_sets_91_k_18_not-correlated.txt,800,2826.0,2.21
scenario 1,not-correlated,scen_1id_5_objs_1000_size_1550_sets_90_k_18_not-correlated.txt,1000,2872.0,5.02
scenario 1,not-correlated,scen_1id_5_objs_300_size_465_sets_78_k_20_not-correlated.txt,300,1486.0,0.07
scenario 1,not-correlated,scen_1id_5_objs_500_size_775_sets_84_k_20_not-correlated.txt,500,2309.0,0.45
scenario 1,not-correlated,scen_1id_5_objs_700_size_1085_sets_86_k_20_not-correlated.txt,700,2680.0,1.61
scenario 1,not-correlated,scen_1id_5_objs_800_size_1240_sets_86_k_18_not-correlated.txt,800,2776.0,2.30
scenario 1,not-correlated,scen_1id_6_objs_1000_size_1550_sets_93_k_18_not-correlated.txt,1000,3029.0,4.36
scenario 1,not-correlated,scen_1id_6_objs_300_size_465_sets_79_k_20_not-correlated.txt,300,1551.0,0.08
scenario 1,not-correlated,scen_1id_6_objs_500_size_775_sets_89_k_20_not-correlated.txt,500,2225.0,0.46
scenario 1,not-correlated,scen_1id_6_objs_700_size_1085_sets_84_k_20_not-correlated.txt,700,2625.0,1.69
scenario 1,not-correlated,scen_1id_6_objs_800_size_1240_sets_88_k_18_not-correlated.txt,800,2670.0,2.68
scenario 1,not-correlated,scen_1id_7_objs_1000_size_1550_sets_87_k_18_not-correlated.txt,1000,2814.0,5.19
scenario 1,not-correlated,scen_1id_7_objs_300_size_465_sets_73_k_20_not-correlated.txt,300,1508.0,0.08
scenario 1,not-correlated,scen_1id_7_objs_500_size_775_sets_75_k_20_not-correlated.txt,500,2172.0,0.59
scenario 1,not-correlated,scen_1id_7_objs_700_size_1085_sets_86_k_20_not-correlated.txt,700,2650.0,1.85
scenario 1,not-correlated,scen_1id_7_objs_800_size_1240_sets_89_k_18_not-correlated.txt,800,2802.0,2.61
scenario 1,not-correlated,scen_1id_8_objs_1000_size_1550_sets_86_k_18_not-correlated.txt,1000,2808.0,5.34
scenario 1,not-correlated,scen_1id_8_objs_300_size_465_sets_77_k_20_not-correlated.txt,300,1522.0,0.09
scenario 1,not-correlated,scen_1id_8_objs_500_size_775_sets_75_k_20_not-correlated.txt,500,2187.0,0.69
scenario 1,not-correlated,scen_1id_8_objs_700_size_1085_sets_84_k_20_not-correlated.txt,700,2570.0,1.97
scenario 1,not-correlated,scen_1id_8_objs_800_size_1240_sets_88_k_18_not-correlated.txt,800,2818.0,3.06
scenario 1,not-correlated,scen_1id_9_objs_1000_size_1550_sets_85_k_18_not-correlated.txt,1000,2804.0,5.68
scenario 1,not-correlated,scen_1id_9_objs_300_size_465_sets_72_k_20_not-correlated.txt,300,1453.0,0.08
scenario 1,not-correlated,scen_1id_9_objs_500_size_775_sets_87_k_20_not-correlated.txt,500,2217.0,0.55
scenario 1,not-correlated,scen_1id_9_objs_700_size_1085_sets_93_k_20_not-correlated.txt,700,2809.0,1.66
scenario 1,not-correlated,scen_1id_9_objs_800_size_1240_sets_93_k_18_not-correlated.txt,800,2839.0,2.34
scenario 2,correlated,scen_2id_10_objs_1000_size_1550_sets_36_k_18_correlated.txt,1000,2046.0,7.26
scenario 2,correlated,scen_2id_10_objs_300_size_465_sets_33_k_20_correlated.txt,300,975.0,0.48
scenario 2,correlated,scen_2id_10_objs_500_size_775_sets_38_k_20_correlated.txt,500,1330.0,1.67
scenario 2,correlated,scen_2id_10_objs_700_size_1085_sets_40_k_20_correlated.txt,700,1665.0,3.68
scenario 2,correlated,scen_2id_10_objs_800_size_1240_sets_38_k_18_correlated.txt,800,1782.0,4.53
scenario 2,correlated,scen_2id_1_objs_1000_size_1550_sets_40_k_18_correlated.txt,1000,2107.0,7.01
scenario 2,correlated,scen_2id_1_objs_300_size_465_sets_32_k_20_correlated.txt,300,965.0,0.41
scenario 2,correlated,scen_2id_1_objs_500_size_775_sets_35_k_20_correlated.txt,500,1305.0,1.79
scenario 2,correlated,scen_2id_1_objs_700_size_1085_sets_36_k_20_correlated.txt,700,1616.0,3.61
scenario 2,correlated,scen_2id_1_objs_800_size_1240_sets_38_k_18_correlated.txt,800,1782.0,4.29
scenario 2,correlated,scen_2id_2_objs_1000_size_1550_sets_42_k_18_correlated.txt,1000,2126.0,5.45
scenario 2,correlated,scen_2id_2_objs_300_size_465_sets_33_k_20_correlated.txt,300,967.0,0.40
scenario 2,correlated,scen_2id_2_objs_500_size_775_sets_40_k_20_correlated.txt,500,1347.0,1.47
scenario 2,correlated,scen_2id_2_objs_700_size_1085_sets_44_k_20_correlated.txt,700,1705.0,3.48
scenario 2,correlated,scen_2id_2_objs_800_size_1240_sets_47_k_18_correlated.txt,800,1872.0,4.21
scenario 2,correlated,scen_2id_3_objs_1000_size_1550_sets_38_k_18_correlated.txt,1000,2092.0,6.96
scenario 2,correlated,scen_2id_3_objs_300_size_465_sets_37_k_20_correlated.txt,300,1015.0,0.34
scenario 2,correlated,scen_2id_3_objs_500_size_775_sets_36_k_20_correlated.txt,500,1295.0,1.63
scenario 2,correlated,scen_2id_3_objs_700_size_1085_sets_36_k_20_correlated.txt,700,1625.0,3.67
scenario 2,correlated,scen_2id_3_objs_800_size_1240_sets_40_k_18_correlated.txt,800,1802.0,4.59
scenario 2,correlated,scen_2id_4_objs_1000_size_1550_sets_41_k_18_correlated.txt,1000,2106.0,6.62
scenario 2,correlated,scen_2id_4_objs_300_size_465_sets_39_k_20_correlated.txt,300,1009.0,0.36
scenario 2,correlated,scen_2id_4_objs_500_size_775_sets_32_k_20_correlated.txt,500,1266.0,1.79
scenario 2,correlated,scen_2id_4_objs_700_size_1085_sets_33_k_20_correlated.txt,700,1595.0,3.98
scenario 2,correlated,scen_2id_4_objs_800_size_1240_sets_44_k_18_correlated.txt,800,1842.0,4.64
scenario 2,correlated,scen_2id_5_objs_1000_size_1550_sets_39_k_18_correlated.txt,1000,2078.0,6.92
scenario 2,correlated,scen_2id_5_objs_300_size_465_sets_42_k_20_correlated.txt,300,1044.0,0.29
scenario 2,correlated,scen_2id_5_objs_500_size_775_sets_36_k_20_correlated.txt,500,1315.0,1.73
scenario 2,correlated,scen_2id_5_objs_700_size_1085_sets_36_k_20_correlated.txt,700,1592.0,3.20
scenario 2,correlated,scen_2id_5_objs_800_size_1240_sets_43_k_18_correlated.txt,800,1832.0,3.47
scenario 2,correlated,scen_2id_6_objs_1000_size_1550_sets_40_k_18_correlated.txt,1000,2070.0,5.78
scenario 2,correlated,scen_2id_6_objs_300_size_465_sets_39_k_20_correlated.txt,300,1035.0,0.29
scenario 2,correlated,scen_2id_6_objs_500_size_775_sets_41_k_20_correlated.txt,500,1365.0,1.26
scenario 2,correlated,scen_2id_6_objs_700_size_1085_sets_43_k_20_correlated.txt,700,1695.0,3.19
scenario 2,correlated,scen_2id_6_objs_800_size_1240_sets_36_k_18_correlated.txt,800,1762.0,4.13
scenario 2,correlated,scen_2id_7_objs_1000_size_1550_sets_44_k_18_correlated.txt,1000,2152.0,5.87
scenario 2,correlated,scen_2id_7_objs_300_size_465_sets_34_k_20_correlated.txt,300,985.0,0.34
scenario 2,correlated,scen_2id_7_objs_500_size_775_sets_37_k_20_correlated.txt,500,1316.0,1.42
scenario 2,correlated,scen_2id_7_objs_700_size_1085_sets_39_k_20_correlated.txt,700,1655.0,3.61
scenario 2,correlated,scen_2id_7_objs_800_size_1240_sets_35_k_18_correlated.txt,800,1752.0,4.36
scenario 2,correlated,scen_2id_8_objs_1000_size_1550_sets_38_k_18_correlated.txt,1000,2092.0,5.93
scenario 2,correlated,scen_2id_8_objs_300_size_465_sets_35_k_20_correlated.txt,300,995.0,0.37
scenario 2,correlated,scen_2id_8_objs_500_size_775_sets_36_k_20_correlated.txt,500,1299.0,1.56
scenario 2,correlated,scen_2id_8_objs_700_size_1085_sets_35_k_20_correlated.txt,700,1610.0,3.63
scenario 2,correlated,scen_2id_8_objs_800_size_1240_sets_38_k_18_correlated.txt,800,1767.0,4.01
scenario 2,correlated,scen_2id_9_objs_1000_size_1550_sets_35_k_18_correlated.txt,1000,2041.0,6.44
scenario 2,correlated,scen_2id_9_objs_300_size_465_sets_34_k_20_correlated.txt,300,985.0,0.38
scenario 2,correlated,scen_2id_9_objs_500_size_775_sets_36_k_20_correlated.txt,500,1315.0,1.59
scenario 2,correlated,scen_2id_9_objs_700_size_1085_sets_38_k_20_correlated.txt,700,1645.0,3.62
scenario 2,correlated,scen_2id_9_objs_800_size_1240_sets_36_k_18_correlated.txt,800,1762.0,4.32
scenario 2,fully-correlated,scen_2id_10_objs_1000_size_1550_sets_41_k_18_fully-correlated.txt,1000,2122.0,6.15
scenario 2,fully-correlated,scen_2id_10_objs_300_size_465_sets_30_k_20_fully-correlated.txt,300,905.0,0.34
scenario 2,fully-correlated,scen_2id_10_objs_500_size_775_sets_35_k_20_fully-correlated.txt,500,1285.0,1.55
scenario 2,fully-correlated,scen_2id_10_objs_700_size_1085_sets_34_k_20_fully-correlated.txt,700,1605.0,3.67
scenario 2,fully-correlated,scen_2id_10_objs_800_size_1240_sets_41_k_18_fully-correlated.txt,800,1812.0,4.35
scenario 2,fully-correlated,scen_2id_1_objs_1000_size_1550_sets_37_k_18_fully-correlated.txt,1000,2082.0,6.14
scenario 2,fully-correlated,scen_2id_1_objs_300_size_465_sets_39_k_20_fully-correlated.txt,300,995.0,0.39
scenario 2,fully-correlated,scen_2id_1_objs_500_size_775_sets_40_k_20_fully-correlated.txt,500,1335.0,1.44
scenario 2,fully-correlated,scen_2id_1_objs_700_size_1085_sets_36_k_20_fully-correlated.txt,700,1625.0,3.69
scenario 2,fully-correlated,scen_2id_1_objs_800_size_1240_sets_41_k_18_fully-correlated.txt,800,1812.0,4.12
scenario 2,fully-correlated,scen_2id_2_objs_1000_size_1550_sets_35_k_18_fully-correlated.txt,1000,2062.0,6.34
scenario 2,fully-correlated,scen_2id_2_objs_300_size_465_sets_34_k_20_fully-correlated.txt,300,945.0,0.35
scenario 2,fully-correlated,scen_2id_2_objs_500_size_775_sets_39_k_20_fully-correlated.txt,500,1325.0,1.59
scenario 2,fully-correlated,scen_2id_2_objs_700_size_1085_sets_40_k_20_fully-correlated.txt,700,1665.0,3.34
scenario 2,fully-correlated,scen_2id_2_objs_800_size_1240_sets_31_k_18_fully-correlated.txt,800,1712.0,4.67
scenario 2,fully-correlated,scen_2id_3_objs_1000_size_1550_sets_42_k_18_fully-correlated.txt,1000,2132.0,6.44
scenario 2,fully-correlated,scen_2id_3_objs_300_size_465_sets_34_k_20_fully-correlated.txt,300,945.0,0.37
scenario 2,fully-correlated,scen_2id_3_objs_500_size_775_sets_39_k_20_fully-correlated.txt,500,1325.0,1.51
scenario 2,fully-correlated,scen_2id_3_objs_700_size_1085_sets_40_k_20_fully-correlated.txt,700,1665.0,3.42
scenario 2,fully-correlated,scen_2id_3_objs_800_size_1240_sets_40_k_18_fully-correlated.txt,800,1802.0,4.04
scenario 2,fully-correlated,scen_2id_4_objs_1000_size_1550_sets_53_k_18_fully-correlated.txt,1000,2242.0,5.84
scenario 2,fully-correlated,scen_2id_4_objs_300_size_465_sets_36_k_20_fully-correlated.txt,300,965.0,0.34
scenario 2,fully-correlated,scen_2id_4_objs_500_size_775_sets_44_k_20_fully-correlated.txt,500,1375.0,1.50
scenario 2,fully-correlated,scen_2id_4_objs_700_size_1085_sets_33_k_20_fully-correlated.txt,700,1595.0,3.89
scenario 2,fully-correlated,scen_2id_4_objs_800_size_1240_sets_38_k_18_fully-correlated.txt,800,1782.0,4.20
scenario 2,fully-correlated,scen_2id_5_objs_1000_size_1550_sets_42_k_18_fully-correlated.txt,1000,2132.0,6.23
scenario 2,fully-correlated,scen_2id_5_objs_300_size_465_sets_38_k_20_fully-correlated.txt,300,985.0,0.35
scenario 2,fully-correlated,scen_2id_5_objs_500_size_775_sets_35_k_20_fully-correlated.txt,500,1285.0,1.80
scenario 2,fully-correlated,scen_2id_5_objs_700_size_1085_sets_39_k_20_fully-correlated.txt,700,1655.0,3.78
scenario 2,fully-correlated,scen_2id_5_objs_800_size_1240_sets_33_k_18_fully-correlated.txt,800,1732.0,4.26
scenario 2,fully-correlated,scen_2id_6_objs_1000_size_1550_sets_41_k_18_fully-correlated.txt,1000,2122.0,6.63
scenario 2,fully-correlated,scen_2id_6_objs_300_size_465_sets_34_k_20_fully-correlated.txt,300,945.0,0.61
scenario 2,fully-correlated,scen_2id_6_objs_500_size_775_sets_34_k_20_fully-correlated.txt,500,1275.0,1.95
scenario 2,fully-correlated,scen_2id_6_objs_700_size_1085_sets_37_k_20_fully-correlated.txt,700,1635.0,3.80
scenario 2,fully-correlated,scen_2id_6_objs_800_size_1240_sets_40_k_18_fully-correlated.txt,800,1802.0,4.55
scenario 2,fully-correlated,scen_2id_7_objs_1000_size_1550_sets_46_k_18_fully-correlated.txt,1000,2172.0,6.58
scenario 2,fully-correlated,scen_2id_7_objs_300_size_465_sets_36_k_20_fully-correlated.txt,300,965.0,0.46
scenario 2,fully-correlated,scen_2id_7_objs_500_size_775_sets_45_k_20_fully-correlated.txt,500,1385.0,1.39
scenario 2,fully-correlated,scen_2id_7_objs_700_size_1085_sets_44_k_20_fully-correlated.txt,700,1705.0,3.85
scenario 2,fully-correlated,scen_2id_7_objs_800_size_1240_sets_36_k_18_fully-correlated.txt,800,1762.0,4.31
scenario 2,fully-correlated,scen_2id_8_objs_1000_size_1550_sets_40_k_18_fully-correlated.txt,1000,2112.0,6.59
scenario 2,fully-correlated,scen_2id_8_objs_300_size_465_sets_34_k_20_fully-correlated.txt,300,945.0,0.43
scenario 2,fully-correlated,scen_2id_8_objs_500_size_775_sets_33_k_20_fully-correlated.txt,500,1265.0,1.89
scenario 2,fully-correlated,scen_2id_8_objs_700_size_1085_sets_42_k_20_fully-correlated.txt,700,1685.0,3.70
scenario 2,fully-correlated,scen_2id_8_objs_800_size_1240_sets_38_k_18_fully-correlated.txt,800,1782.0,4.34
scenario 2,fully-correlated,scen_2id_9_objs_1000_size_1550_sets_40_k_18_fully-correlated.txt,1000,2112.0,7.59
scenario 2,fully-correlated,scen_2id_9_objs_300_size_465_sets_31_k_20_fully-correlated.txt,300,915.0,0.45
scenario 2,fully-correlated,scen_2id_9_objs_500_size_775_sets_33_k_20_fully-correlated.txt,500,1265.0,1.83
scenario 2,fully-correlated,scen_2id_9_objs_700_size_1085_sets_37_k_20_fully-correlated.txt,700,1635.0,3.52
scenario 2,fully-correlated,scen_2id_9_objs_800_size_1240_sets_41_k_18_fully-correlated.txt,800,1812.0,3.78
scenario 2,not-correlated,scen_2id_10_objs_1000_size_1550_sets_40_k_18_not-correlated.txt,1000,1618.0,6.67
scenario 2,not-correlated,scen_2id_10_objs_300_size_465_sets_35_k_20_not-correlated.txt,300,1220.0,0.36
scenario 2,not-correlated,scen_2id_10_objs_500_size_775_sets_37_k_20_not-correlated.txt,500,1479.0,1.88
scenario 2,not-correlated,scen_2id_10_objs_700_size_1085_sets_39_k_20_not-correlated.txt,700,1638.0,3.75
scenario 2,not-correlated,scen_2id_10_objs_800_size_1240_sets_36_k_18_not-correlated.txt,800,1501.0,4.26
scenario 2,not-correlated,scen_2id_1_objs_1000_size_1550_sets_37_k_18_not-correlated.txt,1000,1536.0,5.85
scenario 2,not-correlated,scen_2id_1_objs_300_size_465_sets_35_k_20_not-correlated.txt,300,1160.0,0.32
scenario 2,not-correlated,scen_2id_1_objs_500_size_775_sets_35_k_20_not-correlated.txt,500,1454.0,1.54
scenario 2,not-correlated,scen_2id_1_objs_700_size_1085_sets_46_k_20_not-correlated.txt,700,1731.0,2.99
scenario 2,not-correlated,scen_2id_1_objs_800_size_1240_sets_36_k_18_not-correlated.txt,800,1457.0,4.43
scenario 2,not-correlated,scen_2id_2_objs_1000_size_1550_sets_36_k_18_not-correlated.txt,1000,1487.0,6.27
scenario 2,not-correlated,scen_2id_2_objs_300_size_465_sets_36_k_20_not-correlated.txt,300,1285.0,0.36
scenario 2,not-correlated,scen_2id_2_objs_500_size_775_sets_35_k_20_not-correlated.txt,500,1399.0,1.75
scenario 2,not-correlated,scen_2id_2_objs_700_size_1085_sets_37_k_20_not-correlated.txt,700,1518.0,3.71
scenario 2,not-correlated,scen_2id_2_objs_800_size_1240_sets_41_k_18_not-correlated.txt,800,1610.0,4.64
scenario 2,not-correlated,scen_2id_3_objs_1000_size_1550_sets_34_k_18_not-correlated.txt,1000,1464.0,7.19
scenario 2,not-correlated,scen_2id_3_objs_300_size_465_sets_35_k_20_not-correlated.txt,300,1197.0,0.41
scenario 2,not-correlated,scen_2id_3_objs_500_size_775_sets_33_k_20_not-correlated.txt,500,1377.0,1.76
scenario 2,not-correlated,scen_2id_3_objs_700_size_1085_sets_38_k_20_not-correlated.txt,700,1530.0,3.62
scenario 2,not-correlated,scen_2id_3_objs_800_size_1240_sets_42_k_18_not-correlated.txt,800,1663.0,4.73
scenario 2,not-correlated,scen_2id_4_objs_1000_size_1550_sets_45_k_18_not-correlated.txt,1000,1740.0,6.59
scenario 2,not-correlated,scen_2id_4_objs_300_size_465_sets_35_k_20_not-correlated.txt,300,1320.0,0.34
scenario 2,not-correlated,scen_2id_4_objs_500_size_775_sets_39_k_20_not-correlated.txt,500,1462.0,1.74
scenario 2,not-correlated,scen_2id_4_objs_700_size_1085_sets_35_k_20_not-correlated.txt,700,1480.0,3.85
scenario 2,not-correlated,scen_2id_4_objs_800_size_1240_sets_35_k_18_not-correlated.txt,800,1459.0,4.48
scenario 2,not-correlated,scen_2id_5_objs_1000_size_1550_sets_36_k_18_not-correlated.txt,1000,1518.0,6.90
scenario 2,not-correlated,scen_2id_5_objs_300_size_465_sets_40_k_20_not-correlated.txt,300,1276.0,0.41
scenario 2,not-correlated,scen_2id_5_objs_500_size_775_sets_40_k_20_not-correlated.txt,500,1527.0,1.63
scenario 2,not-correlated,scen_2id_5_objs_700_size_1085_sets_36_k_20_not-correlated.txt,700,1475.0,3.98
scenario 2,not-correlated,scen_2id_5_objs_800_size_1240_sets_41_k_18_not-correlated.txt,800,1596.0,4.29
scenario 2,not-correlated,scen_2id_6_objs_1000_size_1550_sets_40_k_18_not-correlated.txt,1000,1612.0,6.21
scenario 2,not-correlated,scen_2id_6_objs_300_size_465_sets_38_k_20_not-correlated.txt,300,1286.0,0.36
scenario 2,not-correlated,scen_2id_6_objs_500_size_775_sets_38_k_20_not-correlated.txt,500,1558.0,1.65
scenario 2,not-correlated,scen_2id_6_objs_700_size_1085_sets_35_k_20_not-correlated.txt,700,1472.0,4.38
scenario 2,not-correlated,scen_2id_6_objs_800_size_1240_sets_41_k_18_not-correlated.txt,800,1573.0,4.48
scenario 2,not-correlated,scen_2id_7_objs_1000_size_1550_sets_39_k_18_not-correlated.txt,1000,1596.0,6.30
scenario 2,not-correlated,scen_2id_7_objs_300_size_465_sets_33_k_20_not-correlated.txt,300,1240.0,0.40
scenario 2,not-correlated,scen_2id_7_objs_500_size_775_sets_36_k_20_not-correlated.txt,500,1400.0,1.75
scenario 2,not-correlated,scen_2id_7_objs_700_size_1085_sets_38_k_20_not-correlated.txt,700,1540.0,3.88
scenario 2,not-correlated,scen_2id_7_objs_800_size_1240_sets_36_k_18_not-correlated.txt,800,1466.0,4.72
scenario 2,not-correlated,scen_2id_8_objs_1000_size_1550_sets_33_k_18_not-correlated.txt,1000,1404.0,6.96
scenario 2,not-correlated,scen_2id_8_objs_300_size_465_sets_37_k_20_not-correlated.txt,300,1289.0,0.38
scenario 2,not-correlated,scen_2id_8_objs_500_size_775_sets_32_k_20_not-correlated.txt,500,1375.0,2.00
scenario 2,not-correlated,scen_2id_8_objs_700_size_1085_sets_36_k_20_not-correlated.txt,700,1525.0,4.15
scenario 2,not-correlated,scen_2id_8_objs_800_size_1240_sets_41_k_18_not-correlated.txt,800,1578.0,4.33
scenario 2,not-correlated,scen_2id_9_objs_1000_size_1550_sets_40_k_18_not-correlated.txt,1000,1573.0,7.16
scenario 2,not-correlated,scen_2id_9_objs_300_size_465_sets_33_k_20_not-correlated.txt,300,1221.0,0.44
scenario 2,not-correlated,scen_2id_9_objs_500_size_775_sets_42_k_20_not-correlated.txt,500,1577.0,1.72
scenario 2,not-correlated,scen_2id_9_objs_700_size_1085_sets_42_k_20_not-correlated.txt,700,1664.0,3.44
scenario 2,not-correlated,scen_2id_9_objs_800_size_1240_sets_41_k_18_not-correlated.txt,800,1618.0,4.21
scenario 3,correlated,scen_3id_10_objs_1000_size_1550_sets_89_k_67_correlated.txt,1000,4257.0,10.41
scenario 3,correlated,scen_3id_10_objs_300_size_465_sets_77_k_20_correlated.txt,300,1355.0,0.07
scenario 3,correlated,scen_3id_10_objs_500_size_775_sets_83_k_33_correlated.txt,500,2137.0,0.61
scenario 3,correlated,scen_3id_10_objs_700_size_1085_sets_91_k_47_correlated.txt,700,3019.0,2.42
scenario 3,correlated,scen_3id_10_objs_800_size_1240_sets_94_k_53_correlated.txt,800,3550.0,3.92
scenario 3,correlated,scen_3id_1_objs_1000_size_1550_sets_89_k_67_correlated.txt,1000,4424.0,9.87
scenario 3,correlated,scen_3id_1_objs_300_size_465_sets_74_k_20_correlated.txt,300,1228.0,0.07
scenario 3,correlated,scen_3id_1_objs_500_size_775_sets_78_k_33_correlated.txt,500,2165.0,0.49
scenario 3,correlated,scen_3id_1_objs_700_size_1085_sets_82_k_47_correlated.txt,700,3055.0,2.07
scenario 3,correlated,scen_3id_1_objs_800_size_1240_sets_93_k_53_correlated.txt,800,3420.0,3.71
scenario 3,correlated,scen_3id_2_objs_1000_size_1550_sets_96_k_67_correlated.txt,1000,4279.0,8.16
scenario 3,correlated,scen_3id_2_objs_300_size_465_sets_79_k_20_correlated.txt,300,1379.0,0.06
scenario 3,correlated,scen_3id_2_objs_500_size_775_sets_83_k_33_correlated.txt,500,2230.0,0.49
scenario 3,correlated,scen_3id_2_objs_700_size_1085_sets_102_k_47_correlated.txt,700,2992.0,1.73
scenario 3,correlated,scen_3id_2_objs_800_size_1240_sets_100_k_53_correlated.txt,800,3499.0,3.45
scenario 3,correlated,scen_3id_3_objs_1000_size_1550_sets_89_k_67_correlated.txt,1000,4434.0,9.23
scenario 3,correlated,scen_3id_3_objs_300_size_465_sets_76_k_20_correlated.txt,300,1305.0,0.07
scenario 3,correlated,scen_3id_3_objs_500_size_775_sets_84_k_33_correlated.txt,500,2188.0,0.53
scenario 3,correlated,scen_3id_3_objs_700_size_1085_sets_86_k_47_correlated.txt,700,3056.0,2.46
scenario 3,correlated,scen_3id_3_objs_800_size_1240_sets_92_k_53_correlated.txt,800,3525.0,3.86
scenario 3,correlated,scen_3id_4_objs_1000_size_1550_sets_90_k_67_correlated.txt,1000,4424.0,9.20
scenario 3,correlated,scen_3id_4_objs_300_size_465_sets_78_k_20_correlated.txt,300,1287.0,0.06
scenario 3,correlated,scen_3id_4_objs_500_size_775_sets_81_k_33_correlated.txt,500,2220.0,0.52
scenario 3,correlated,scen_3id_4_objs_700_size_1085_sets_82_k_47_correlated.txt,700,3057.0,2.16
scenario 3,correlated,scen_3id_4_objs_800_size_1240_sets_99_k_53_correlated.txt,800,3586.0,3.38
scenario 3,correlated,scen_3id_5_objs_1000_size_1550_sets_84_k_67_correlated.txt,1000,4445.0,9.32
scenario 3,correlated,scen_3id_5_objs_300_size_465_sets_75_k_20_correlated.txt,300,1290.0,0.07
scenario 3,correlated,scen_3id_5_objs_500_size_775_sets_83_k_33_correlated.txt,500,2294.0,0.54
scenario 3,correlated,scen_3id_5_objs_700_size_1085_sets_80_k_47_correlated.txt,700,2992.0,2.33
scenario 3,correlated,scen_3id_5_objs_800_size_1240_sets_91_k_53_correlated.txt,800,3332.0,3.71
scenario 3,correlated,scen_3id_6_objs_1000_size_1550_sets_91_k_67_correlated.txt,1000,4412.0,8.89
scenario 3,correlated,scen_3id_6_objs_300_size_465_sets_78_k_20_correlated.txt,300,1259.0,0.07
scenario 3,correlated,scen_3id_6_objs_500_size_775_sets_87_k_33_correlated.txt,500,2113.0,0.52
scenario 3,correlated,scen_3id_6_objs_700_size_1085_sets_92_k_47_correlated.txt,700,3001.0,1.95
scenario 3,correlated,scen_3id_6_objs_800_size_1240_sets_87_k_53_correlated.txt,800,3486.0,3.47
scenario 3,correlated,scen_3id_7_objs_1000_size_1550_sets_96_k_67_correlated.txt,1000,4393.0,8.81
scenario 3,correlated,scen_3id_7_objs_300_size_465_sets_78_k_20_correlated.txt,300,1320.0,0.07
scenario 3,correlated,scen_3id_7_objs_500_size_775_sets_83_k_33_correlated.txt,500,2159.0,0.54
scenario 3,correlated,scen_3id_7_objs_700_size_1085_sets_88_k_47_correlated.txt,700,3142.0,2.17
scenario 3,correlated,scen_3id_7_objs_800_size_1240_sets_86_k_53_correlated.txt,800,3540.0,3.56
scenario 3,correlated,scen_3id_8_objs_1000_size_1550_sets_93_k_67_correlated.txt,1000,4374.0,8.59
scenario 3,correlated,scen_3id_8_objs_300_size_465_sets_76_k_20_correlated.txt,300,1361.0,0.07
scenario 3,correlated,scen_3id_8_objs_500_size_775_sets_83_k_33_correlated.txt,500,2281.0,0.50
scenario 3,correlated,scen_3id_8_objs_700_size_1085_sets_88_k_47_correlated.txt,700,2931.0,2.02
scenario 3,correlated,scen_3id_8_objs_800_size_1240_sets_81_k_53_correlated.txt,800,3504.0,3.76
scenario 3,correlated,scen_3id_9_objs_1000_size_1550_sets_85_k_67_correlated.txt,1000,4300.0,9.47
scenario 3,correlated,scen_3id_9_objs_300_size_465_sets_74_k_20_correlated.txt,300,1253.0,0.07
scenario 3,correlated,scen_3id_9_objs_500_size_775_sets_82_k_33_correlated.txt,500,2081.0,0.51
scenario 3,correlated,scen_3id_9_objs_700_size_1085_sets_90_k_47_correlated.txt,700,3125.0,2.16
scenario 3,correlated,scen_3id_9_objs_800_size_1240_sets_96_k_53_correlated.txt,800,3514.0,3.35
scenario 3,fully-correlated,scen_3id_10_objs_1000_size_1550_sets_96_k_67_fully-correlated.txt,1000,4401.0,7.62
scenario 3,fully-correlated,scen_3id_10_objs_300_size_465_sets_73_k_20_fully-correlated.txt,300,1297.0,0.06
scenario 3,fully-correlated,scen_3id_10_objs_500_size_775_sets_79_k_33_fully-correlated.txt,500,2106.0,0.61
scenario 3,fully-correlated,scen_3id_10_objs_700_size_1085_sets_82_k_47_fully-correlated.txt,700,3094.0,2.03
scenario 3,fully-correlated,scen_3id_10_objs_800_size_1240_sets_93_k_53_fully-correlated.txt,800,3452.0,3.37
scenario 3,fully-correlated,scen_3id_1_objs_1000_size_1550_sets_88_k_67_fully-correlated.txt,1000,4428.0,8.54
scenario 3,fully-correlated,scen_3id_1_objs_300_size_465_sets_78_k_20_fully-correlated.txt,300,1244.0,0.06
scenario 3,fully-correlated,scen_3id_1_objs_500_size_775_sets_87_k_33_fully-correlated.txt,500,2208.0,0.42
scenario 3,fully-correlated,scen_3id_1_objs_700_size_1085_sets_92_k_47_fully-correlated.txt,700,3162.0,2.13
scenario 3,fully-correlated,scen_3id_1_objs_800_size_1240_sets_94_k_53_fully-correlated.txt,800,3573.0,3.42
scenario 3,fully-correlated,scen_3id_2_objs_1000_size_1550_sets_85_k_67_fully-correlated.txt,1000,4381.0,9.05
scenario 3,fully-correlated,scen_3id_2_objs_300_size_465_sets_75_k_20_fully-correlated.txt,300,1340.0,0.07
scenario 3,fully-correlated,scen_3id_2_objs_500_size_775_sets_85_k_33_fully-correlated.txt,500,2268.0,0.59
scenario 3,fully-correlated,scen_3id_2_objs_700_size_1085_sets_84_k_47_fully-correlated.txt,700,3038.0,2.05
scenario 3,fully-correlated,scen_3id_2_objs_800_size_1240_sets_81_k_53_fully-correlated.txt,800,3520.0,3.93
scenario 3,fully-correlated,scen_3id_3_objs_1000_size_1550_sets_91_k_67_fully-correlated.txt,1000,4565.0,8.68
scenario 3,fully-correlated,scen_3id_3_objs_300_size_465_sets_78_k_20_fully-correlated.txt,300,1301.0,0.06
scenario 3,fully-correlated,scen_3id_3_objs_500_size_775_sets_88_k_33_fully-correlated.txt,500,2162.0,0.40
scenario 3,fully-correlated,scen_3id_3_objs_700_size_1085_sets_87_k_47_fully-correlated.txt,700,3058.0,1.97
scenario 3,fully-correlated,scen_3id_3_objs_800_size_1240_sets_93_k_53_fully-correlated.txt,800,3482.0,3.51
scenario 3,fully-correlated,scen_3id_4_objs_1000_size_1550_sets_113_k_67_fully-correlated.txt,1000,4439.0,7.21
scenario 3,fully-correlated,scen_3id_4_objs_300_size_465_sets_75_k_20_fully-correlated.txt,300,1270.0,0.06
scenario 3,fully-correlated,scen_3id_4_objs_500_size_775_sets_93_k_33_fully-correlated.txt,500,2178.0,0.39
scenario 3,fully-correlated,scen_3id_4_objs_700_size_1085_sets_83_k_47_fully-correlated.txt,700,3110.0,2.10
scenario 3,fully-correlated,scen_3id_4_objs_800_size_1240_sets_85_k_53_fully-correlated.txt,800,3546.0,3.55
scenario 3,fully-correlated,scen_3id_5_objs_1000_size_1550_sets_99_k_67_fully-correlated.txt,1000,4498.0,7.47
scenario 3,fully-correlated,scen_3id_5_objs_300_size_465_sets_78_k_20_fully-correlated.txt,300,1310.0,0.06
scenario 3,fully-correlated,scen_3id_5_objs_500_size_775_sets_79_k_33_fully-correlated.txt,500,2171.0,0.52
scenario 3,fully-correlated,scen_3id_5_objs_700_size_1085_sets_92_k_47_fully-correlated.txt,700,3118.0,2.00
scenario 3,fully-correlated,scen_3id_5_objs_800_size_1240_sets_86_k_53_fully-correlated.txt,800,3512.0,3.77
scenario 3,fully-correlated,scen_3id_6_objs_1000_size_1550_sets_95_k_67_fully-correlated.txt,1000,4334.0,9.00
scenario 3,fully-correlated,scen_3id_6_objs_300_size_465_sets_75_k_20_fully-correlated.txt,300,1371.0,0.06
scenario 3,fully-correlated,scen_3id_6_objs_500_size_775_sets_81_k_33_fully-correlated.txt,500,2218.0,0.54
scenario 3,fully-correlated,scen_3id_6_objs_700_size_1085_sets_89_k_47_fully-correlated.txt,700,3083.0,1.96
scenario 3,fully-correlated,scen_3id_6_objs_800_size_1240_sets_94_k_53_fully-correlated.txt,800,3447.0,3.77
scenario 3,fully-correlated,scen_3id_7_objs_1000_size_1550_sets_96_k_67_fully-correlated.txt,1000,4422.0,7.60
scenario 3,fully-correlated,scen_3id_7_objs_300_size_465_sets_78_k_20_fully-correlated.txt,300,1359.0,0.06
scenario 3,fully-correlated,scen_3id_7_objs_500_size_775_sets_93_k_33_fully-correlated.txt,500,2093.0,0.40
scenario 3,fully-correlated,scen_3id_7_objs_700_size_1085_sets_97_k_47_fully-correlated.txt,700,3147.0,2.15
scenario 3,fully-correlated,scen_3id_7_objs_800_size_1240_sets_86_k_53_fully-correlated.txt,800,3497.0,3.62
scenario 3,fully-correlated,scen_3id_8_objs_1000_size_1550_sets_94_k_67_fully-correlated.txt,1000,4408.0,8.90
scenario 3,fully-correlated,scen_3id_8_objs_300_size_465_sets_74_k_20_fully-correlated.txt,300,1295.0,0.13
scenario 3,fully-correlated,scen_3id_8_objs_500_size_775_sets_83_k_33_fully-correlated.txt,500,2104.0,0.47
scenario 3,fully-correlated,scen_3id_8_objs_700_size_1085_sets_94_k_47_fully-correlated.txt,700,3156.0,1.73
scenario 3,fully-correlated,scen_3id_8_objs_800_size_1240_sets_87_k_53_fully-correlated.txt,800,3658.0,3.74
scenario 3,fully-correlated,scen_3id_9_objs_1000_size_1550_sets_91_k_67_fully-correlated.txt,1000,4443.0,8.64
scenario 3,fully-correlated,scen_3id_9_objs_300_size_465_sets_72_k_20_fully-correlated.txt,300,1269.0,0.06
scenario 3,fully-correlated,scen_3id_9_objs_500_size_775_sets_78_k_33_fully-correlated.txt,500,2072.0,0.50
scenario 3,fully-correlated,scen_3id_9_objs_700_size_1085_sets_84_k_47_fully-correlated.txt,700,3062.0,2.06
scenario 3,fully-correlated,scen_3id_9_objs_800_size_1240_sets_92_k_53_fully-correlated.txt,800,3433.0,3.69
scenario 3,not-correlated,scen_3id_10_objs_1000_size_1550_sets_93_k_67_not-correlated.txt,1000,5314.0,8.31
scenario 3,not-correlated,scen_3id_10_objs_300_size_465_sets_78_k_20_not-correlated.txt,300,1590.0,0.07
scenario 3,not-correlated,scen_3id_10_objs_500_size_775_sets_81_k_33_not-correlated.txt,500,2752.0,0.58
scenario 3,not-correlated,scen_3id_10_objs_700_size_1085_sets_89_k_47_not-correlated.txt,700,3665.0,1.95
scenario 3,not-correlated,scen_3id_10_objs_800_size_1240_sets_84_k_53_not-correlated.txt,800,4159.0,4.52
scenario 3,not-correlated,scen_3id_1_objs_1000_size_1550_sets_89_k_67_not-correlated.txt,1000,5136.0,9.17
scenario 3,not-correlated,scen_3id_1_objs_300_size_465_sets_76_k_20_not-correlated.txt,300,1612.0,0.07
scenario 3,not-correlated,scen_3id_1_objs_500_size_775_sets_83_k_33_not-correlated.txt,500,2586.0,0.53
scenario 3,not-correlated,scen_3id_1_objs_700_size_1085_sets_91_k_47_not-correlated.txt,700,3542.0,2.05
scenario 3,not-correlated,scen_3id_1_objs_800_size_1240_sets_85_k_53_not-correlated.txt,800,4068.0,3.83
scenario 3,not-correlated,scen_3id_2_objs_1000_size_1550_sets_87_k_67_not-correlated.txt,1000,5060.0,9.03
scenario 3,not-correlated,scen_3id_2_objs_300_size_465_sets_74_k_20_not-correlated.txt,300,1605.0,0.07
scenario 3,not-correlated,scen_3id_2_objs_500_size_775_sets_79_k_33_not-correlated.txt,500,2633.0,0.53
scenario 3,not-correlated,scen_3id_2_objs_700_size_1085_sets_80_k_47_not-correlated.txt,700,3546.0,2.70
scenario 3,not-correlated,scen_3id_2_objs_800_size_1240_sets_95_k_53_not-correlated.txt,800,4097.0,3.67
scenario 3,not-correlated,scen_3id_3_objs_1000_size_1550_sets_88_k_67_not-correlated.txt,1000,5411.0,9.10
scenario 3,not-correlated,scen_3id_3_objs_300_size_465_sets_74_k_20_not-correlated.txt,300,1501.0,0.09
scenario 3,not-correlated,scen_3id_3_objs_500_size_775_sets_80_k_33_not-correlated.txt,500,2646.0,0.54
scenario 3,not-correlated,scen_3id_3_objs_700_size_1085_sets_84_k_47_not-correlated.txt,700,3592.0,2.11
scenario 3,not-correlated,scen_3id_3_objs_800_size_1240_sets_96_k_53_not-correlated.txt,800,3955.0,4.10
scenario 3,not-correlated,scen_3id_4_objs_1000_size_1550_sets_97_k_67_not-correlated.txt,1000,5263.0,8.55
scenario 3,not-correlated,scen_3id_4_objs_300_size_465_sets_77_k_20_not-correlated.txt,300,1761.0,0.06
scenario 3,not-correlated,scen_3id_4_objs_500_size_775_sets_84_k_33_not-correlated.txt,500,2441.0,0.49
scenario 3,not-correlated,scen_3id_4_objs_700_size_1085_sets_86_k_47_not-correlated.txt,700,3442.0,2.03
scenario 3,not-correlated,scen_3id_4_objs_800_size_1240_sets_91_k_53_not-correlated.txt,800,4258.0,3.27
scenario 3,not-correlated,scen_3id_5_objs_1000_size_1550_sets_90_k_67_not-correlated.txt,1000,4999.0,9.42
scenario 3,not-correlated,scen_3id_5_objs_300_size_465_sets_78_k_20_not-correlated.txt,300,1571.0,0.06
scenario 3,not-correlated,scen_3id_5_objs_500_size_775_sets_84_k_33_not-correlated.txt,500,2572.0,0.63
scenario 3,not-correlated,scen_3id_5_objs_700_size_1085_sets_86_k_47_not-correlated.txt,700,3632.0,2.48
scenario 3,not-correlated,scen_3id_5_objs_800_size_1240_sets_86_k_53_not-correlated.txt,800,4018.0,4.08
scenario 3,not-correlated,scen_3id_6_objs_1000_size_1550_sets_93_k_67_not-correlated.txt,1000,5346.0,8.35
scenario 3,not-correlated,scen_3id_6_objs_300_size_465_sets_79_k_20_not-correlated.txt,300,1644.0,0.06
scenario 3,not-correlated,scen_3id_6_objs_500_size_775_sets_89_k_33_not-correlated.txt,500,2557.0,0.42
scenario 3,not-correlated,scen_3id_6_objs_700_size_1085_sets_84_k_47_not-correlated.txt,700,3656.0,2.16
scenario 3,not-correlated,scen_3id_6_objs_800_size_1240_sets_88_k_53_not-correlated.txt,800,4204.0,3.61
scenario 3,not-correlated,scen_3id_7_objs_1000_size_1550_sets_87_k_67_not-correlated.txt,1000,5311.0,8.82
scenario 3,not-correlated,scen_3id_7_objs_300_size_465_sets_73_k_20_not-correlated.txt,300,1561.0,0.07
scenario 3,not-correlated,scen_3id_7_objs_500_size_775_sets_75_k_33_not-correlated.txt,500,2738.0,0.60
scenario 3,not-correlated,scen_3id_7_objs_700_size_1085_sets_86_k_47_not-correlated.txt,700,3706.0,2.20
scenario 3,not-correlated,scen_3id_7_objs_800_size_1240_sets_89_k_53_not-correlated.txt,800,4030.0,4.07
scenario 3,not-correlated,scen_3id_8_objs_1000_size_1550_sets_86_k_67_not-correlated.txt,1000,5337.0,8.77
scenario 3,not-correlated,scen_3id_8_objs_300_size_465_sets_77_k_20_not-correlated.txt,300,1591.0,0.06
scenario 3,not-correlated,scen_3id_8_objs_500_size_775_sets_75_k_33_not-correlated.txt,500,2688.0,0.63
scenario 3,not-correlated,scen_3id_8_objs_700_size_1085_sets_84_k_47_not-correlated.txt,700,3942.0,2.07
scenario 3,not-correlated,scen_3id_8_objs_800_size_1240_sets_88_k_53_not-correlated.txt,800,4176.0,4.31
scenario 3,not-correlated,scen_3id_9_objs_1000_size_1550_sets_85_k_67_not-correlated.txt,1000,5163.0,10.25
scenario 3,not-correlated,scen_3id_9_objs_300_size_465_sets_72_k_20_not-correlated.txt,300,1600.0,0.07
scenario 3,not-correlated,scen_3id_9_objs_500_size_775_sets_87_k_33_not-correlated.txt,500,2506.0,0.54
scenario 3,not-correlated,scen_3id_9_objs_700_size_1085_sets_93_k_47_not-correlated.txt,700,3658.0,2.00
scenario 3,not-correlated,scen_3id_9_objs_800_size_1240_sets_93_k_53_not-correlated.txt,800,4069.0,3.34
scenario 4,correlated,scen_4id_10_objs_1000_size_1550_sets_36_k_67_correlated.txt,1000,4299.0,21.61
scenario 4,correlated,scen_4id_10_objs_300_size_465_sets_33_k_20_correlated.txt,300,1304.0,0.29
scenario 4,correlated,scen_4id_10_objs_500_size_775_sets_38_k_33_correlated.txt,500,2157.0,1.44
scenario 4,correlated,scen_4id_10_objs_700_size_1085_sets_40_k_47_correlated.txt,700,2984.0,5.16
scenario 4,correlated,scen_4id_10_objs_800_size_1240_sets_38_k_53_correlated.txt,800,3479.0,8.93
scenario 4,correlated,scen_4id_1_objs_1000_size_1550_sets_40_k_67_correlated.txt,1000,4460.0,21.65
scenario 4,correlated,scen_4id_1_objs_300_size_465_sets_32_k_20_correlated.txt,300,1244.0,0.30
scenario 4,correlated,scen_4id_1_objs_500_size_775_sets_35_k_33_correlated.txt,500,2160.0,1.73
scenario 4,correlated,scen_4id_1_objs_700_size_1085_sets_36_k_47_correlated.txt,700,3026.0,6.18
scenario 4,correlated,scen_4id_1_objs_800_size_1240_sets_38_k_53_correlated.txt,800,3221.0,9.82
scenario 4,correlated,scen_4id_2_objs_1000_size_1550_sets_42_k_67_correlated.txt,1000,4186.0,20.74
scenario 4,correlated,scen_4id_2_objs_300_size_465_sets_33_k_20_correlated.txt,300,1349.0,0.34
scenario 4,correlated,scen_4id_2_objs_500_size_775_sets_40_k_33_correlated.txt,500,2150.0,1.56
scenario 4,correlated,scen_4id_2_objs_700_size_1085_sets_44_k_47_correlated.txt,700,2996.0,4.53
scenario 4,correlated,scen_4id_2_objs_800_size_1240_sets_47_k_53_correlated.txt,800,3538.0,7.25
scenario 4,correlated,scen_4id_3_objs_1000_size_1550_sets_38_k_67_correlated.txt,1000,4552.0,23.61
scenario 4,correlated,scen_4id_3_objs_300_size_465_sets_37_k_20_correlated.txt,300,1296.0,0.25
scenario 4,correlated,scen_4id_3_objs_500_size_775_sets_36_k_33_correlated.txt,500,2173.0,1.60
scenario 4,correlated,scen_4id_3_objs_700_size_1085_sets_36_k_47_correlated.txt,700,3033.0,5.81
scenario 4,correlated,scen_4id_3_objs_800_size_1240_sets_40_k_53_correlated.txt,800,3468.0,8.75
scenario 4,correlated,scen_4id_4_objs_1000_size_1550_sets_41_k_67_correlated.txt,1000,4494.0,21.63
scenario 4,correlated,scen_4id_4_objs_300_size_465_sets_39_k_20_correlated.txt,300,1257.0,0.26
scenario 4,correlated,scen_4id_4_objs_500_size_775_sets_32_k_33_correlated.txt,500,2203.0,1.89
scenario 4,correlated,scen_4id_4_objs_700_size_1085_sets_33_k_47_correlated.txt,700,3027.0,6.00
scenario 4,correlated,scen_4id_4_objs_800_size_1240_sets_44_k_53_correlated.txt,800,3462.0,8.38
scenario 4,correlated,scen_4id_5_objs_1000_size_1550_sets_39_k_67_correlated.txt,1000,4495.0,22.49
scenario 4,correlated,scen_4id_5_objs_300_size_465_sets_42_k_20_correlated.txt,300,1299.0,0.31
scenario 4,correlated,scen_4id_5_objs_500_size_775_sets_36_k_33_correlated.txt,500,2352.0,1.90
scenario 4,correlated,scen_4id_5_objs_700_size_1085_sets_36_k_47_correlated.txt,700,3046.0,5.70
scenario 4,correlated,scen_4id_5_objs_800_size_1240_sets_43_k_53_correlated.txt,800,3386.0,9.81
scenario 4,correlated,scen_4id_6_objs_1000_size_1550_sets_40_k_67_correlated.txt,1000,4467.0,23.81
scenario 4,correlated,scen_4id_6_objs_300_size_465_sets_39_k_20_correlated.txt,300,1248.0,0.27
scenario 4,correlated,scen_4id_6_objs_500_size_775_sets_41_k_33_correlated.txt,500,2110.0,1.42
scenario 4,correlated,scen_4id_6_objs_700_size_1085_sets_43_k_47_correlated.txt,700,3037.0,5.36
scenario 4,correlated,scen_4id_6_objs_800_size_1240_sets_36_k_53_correlated.txt,800,3393.0,9.87
scenario 4,correlated,scen_4id_7_objs_1000_size_1550_sets_44_k_67_correlated.txt,1000,4339.0,20.76
scenario 4,correlated,scen_4id_7_objs_300_size_465_sets_34_k_20_correlated.txt,300,1295.0,0.30
scenario 4,correlated,scen_4id_7_objs_500_size_775_sets_37_k_33_correlated.txt,500,2117.0,1.80
scenario 4,correlated,scen_4id_7_objs_700_size_1085_sets_39_k_47_correlated.txt,700,3172.0,5.65
scenario 4,correlated,scen_4id_7_objs_800_size_1240_sets_35_k_53_correlated.txt,800,3426.0,9.50
scenario 4,correlated,scen_4id_8_objs_1000_size_1550_sets_38_k_67_correlated.txt,1000,4233.0,23.20
scenario 4,correlated,scen_4id_8_objs_300_size_465_sets_35_k_20_correlated.txt,300,1317.0,0.32
scenario 4,correlated,scen_4id_8_objs_500_size_775_sets_36_k_33_correlated.txt,500,2255.0,1.68
scenario 4,correlated,scen_4id_8_objs_700_size_1085_sets_35_k_47_correlated.txt,700,3035.0,6.23
scenario 4,correlated,scen_4id_8_objs_800_size_1240_sets_38_k_53_correlated.txt,800,3476.0,9.73
scenario 4,correlated,scen_4id_9_objs_1000_size_1550_sets_35_k_67_correlated.txt,1000,4314.0,20.36
scenario 4,correlated,scen_4id_9_objs_300_size_465_sets_34_k_20_correlated.txt,300,1280.0,0.27
scenario 4,correlated,scen_4id_9_objs_500_size_775_sets_36_k_33_correlated.txt,500,2103.0,1.75
scenario 4,correlated,scen_4id_9_objs_700_size_1085_sets_38_k_47_correlated.txt,700,3099.0,5.25
scenario 4,correlated,scen_4id_9_objs_800_size_1240_sets_36_k_53_correlated.txt,800,3493.0,9.76
scenario 4,fully-correlated,scen_4id_10_objs_1000_size_1550_sets_41_k_67_fully-correlated.txt,1000,4372.0,21.56
scenario 4,fully-correlated,scen_4id_10_objs_300_size_465_sets_30_k_20_fully-correlated.txt,300,1305.0,0.31
scenario 4,fully-correlated,scen_4id_10_objs_500_size_775_sets_35_k_33_fully-correlated.txt,500,2131.0,2.05
scenario 4,fully-correlated,scen_4id_10_objs_700_size_1085_sets_34_k_47_fully-correlated.txt,700,3218.0,5.82
scenario 4,fully-correlated,scen_4id_10_objs_800_size_1240_sets_41_k_53_fully-correlated.txt,800,3425.0,8.66
scenario 4,fully-correlated,scen_4id_1_objs_1000_size_1550_sets_37_k_67_fully-correlated.txt,1000,4471.0,21.04
scenario 4,fully-correlated,scen_4id_1_objs_300_size_465_sets_39_k_20_fully-correlated.txt,300,1273.0,0.29
scenario 4,fully-correlated,scen_4id_1_objs_500_size_775_sets_40_k_33_fully-correlated.txt,500,2201.0,1.83
scenario 4,fully-correlated,scen_4id_1_objs_700_size_1085_sets_36_k_47_fully-correlated.txt,700,3114.0,6.55
scenario 4,fully-correlated,scen_4id_1_objs_800_size_1240_sets_41_k_53_fully-correlated.txt,800,3517.0,9.07
scenario 4,fully-correlated,scen_4id_2_objs_1000_size_1550_sets_35_k_67_fully-correlated.txt,1000,4468.0,23.75
scenario 4,fully-correlated,scen_4id_2_objs_300_size_465_sets_34_k_20_fully-correlated.txt,300,1347.0,0.30
scenario 4,fully-correlated,scen_4id_2_objs_500_size_775_sets_39_k_33_fully-correlated.txt,500,2304.0,2.03
scenario 4,fully-correlated,scen_4id_2_objs_700_size_1085_sets_40_k_47_fully-correlated.txt,700,3109.0,5.39
scenario 4,fully-correlated,scen_4id_2_objs_800_size_1240_sets_31_k_53_fully-correlated.txt,800,3522.0,9.80
scenario 4,fully-correlated,scen_4id_3_objs_1000_size_1550_sets_42_k_67_fully-correlated.txt,1000,4625.0,20.87
scenario 4,fully-correlated,scen_4id_3_objs_300_size_465_sets_34_k_20_fully-correlated.txt,300,1297.0,0.29
scenario 4,fully-correlated,scen_4id_3_objs_500_size_775_sets_39_k_33_fully-correlated.txt,500,2130.0,1.86
scenario 4,fully-correlated,scen_4id_3_objs_700_size_1085_sets_40_k_47_fully-correlated.txt,700,3075.0,5.95
scenario 4,fully-correlated,scen_4id_3_objs_800_size_1240_sets_40_k_53_fully-correlated.txt,800,3498.0,8.84
scenario 4,fully-correlated,scen_4id_4_objs_1000_size_1550_sets_53_k_67_fully-correlated.txt,1000,4237.0,20.65
scenario 4,fully-correlated,scen_4id_4_objs_300_size_465_sets_36_k_20_fully-correlated.txt,300,1278.0,0.32
scenario 4,fully-correlated,scen_4id_4_objs_500_size_775_sets_44_k_33_fully-correlated.txt,500,2142.0,1.77
scenario 4,fully-correlated,scen_4id_4_objs_700_size_1085_sets_33_k_47_fully-correlated.txt,700,3143.0,6.13
scenario 4,fully-correlated,scen_4id_4_objs_800_size_1240_sets_38_k_53_fully-correlated.txt,800,3541.0,9.35
scenario 4,fully-correlated,scen_4id_5_objs_1000_size_1550_sets_42_k_67_fully-correlated.txt,1000,4408.0,22.18
scenario 4,fully-correlated,scen_4id_5_objs_300_size_465_sets_38_k_20_fully-correlated.txt,300,1264.0,0.23
scenario 4,fully-correlated,scen_4id_5_objs_500_size_775_sets_35_k_33_fully-correlated.txt,500,2230.0,1.69
scenario 4,fully-correlated,scen_4id_5_objs_700_size_1085_sets_39_k_47_fully-correlated.txt,700,3076.0,6.01
scenario 4,fully-correlated,scen_4id_5_objs_800_size_1240_sets_33_k_53_fully-correlated.txt,800,3575.0,9.65
scenario 4,fully-correlated,scen_4id_6_objs_1000_size_1550_sets_41_k_67_fully-correlated.txt,1000,4389.0,20.74
scenario 4,fully-correlated,scen_4id_6_objs_300_size_465_sets_34_k_20_fully-correlated.txt,300,1389.0,0.25
scenario 4,fully-correlated,scen_4id_6_objs_500_size_775_sets_34_k_33_fully-correlated.txt,500,2241.0,1.83
scenario 4,fully-correlated,scen_4id_6_objs_700_size_1085_sets_37_k_47_fully-correlated.txt,700,3081.0,6.07
scenario 4,fully-correlated,scen_4id_6_objs_800_size_1240_sets_40_k_53_fully-correlated.txt,800,3485.0,8.68
scenario 4,fully-correlated,scen_4id_7_objs_1000_size_1550_sets_46_k_67_fully-correlated.txt,1000,4428.0,19.65
scenario 4,fully-correlated,scen_4id_7_objs_300_size_465_sets_36_k_20_fully-correlated.txt,300,1351.0,0.31
scenario 4,fully-correlated,scen_4id_7_objs_500_size_775_sets_45_k_33_fully-correlated.txt,500,2090.0,1.36
scenario 4,fully-correlated,scen_4id_7_objs_700_size_1085_sets_44_k_47_fully-correlated.txt,700,3153.0,5.30
scenario 4,fully-correlated,scen_4id_7_objs_800_size_1240_sets_36_k_53_fully-correlated.txt,800,3534.0,9.35
scenario 4,fully-correlated,scen_4id_8_objs_1000_size_1550_sets_40_k_67_fully-correlated.txt,1000,4429.0,22.91
scenario 4,fully-correlated,scen_4id_8_objs_300_size_465_sets_34_k_20_fully-correlated.txt,300,1300.0,0.30
scenario 4,fully-correlated,scen_4id_8_objs_500_size_775_sets_33_k_33_fully-correlated.txt,500,2139.0,1.71
scenario 4,fully-correlated,scen_4id_8_objs_700_size_1085_sets_42_k_47_fully-correlated.txt,700,3059.0,5.22
scenario 4,fully-correlated,scen_4id_8_objs_800_size_1240_sets_38_k_53_fully-correlated.txt,800,3701.0,9.37
scenario 4,fully-correlated,scen_4id_9_objs_1000_size_1550_sets_40_k_67_fully-correlated.txt,1000,4601.0,20.21
scenario 4,fully-correlated,scen_4id_9_objs_300_size_465_sets_31_k_20_fully-correlated.txt,300,1270.0,0.33
scenario 4,fully-correlated,scen_4id_9_objs_500_size_775_sets_33_k_33_fully-correlated.txt,500,2065.0,1.72
scenario 4,fully-correlated,scen_4id_9_objs_700_size_1085_sets_37_k_47_fully-correlated.txt,700,3140.0,5.45
scenario 4,fully-correlated,scen_4id_9_objs_800_size_1240_sets_41_k_53_fully-correlated.txt,800,3494.0,8.64
scenario 4,not-correlated,scen_4id_10_objs_1000_size_1550_sets_40_k_67_not-correlated.txt,1000,5386.0,21.29
scenario 4,not-correlated,scen_4id_10_objs_300_size_465_sets_35_k_20_not-correlated.txt,300,1559.0,0.34
scenario 4,not-correlated,scen_4id_10_objs_500_size_775_sets_37_k_33_not-correlated.txt,500,2875.0,1.65
scenario 4,not-correlated,scen_4id_10_objs_700_size_1085_sets_39_k_47_not-correlated.txt,700,3594.0,5.34
scenario 4,not-correlated,scen_4id_10_objs_800_size_1240_sets_36_k_53_not-correlated.txt,800,4275.0,8.92
scenario 4,not-correlated,scen_4id_1_objs_1000_size_1550_sets_37_k_67_not-correlated.txt,1000,5065.0,22.03
scenario 4,not-correlated,scen_4id_1_objs_300_size_465_sets_35_k_20_not-correlated.txt,300,1615.0,0.25
scenario 4,not-correlated,scen_4id_1_objs_500_size_775_sets_35_k_33_not-correlated.txt,500,2642.0,1.79
scenario 4,not-correlated,scen_4id_1_objs_700_size_1085_sets_46_k_47_not-correlated.txt,700,3532.0,4.29
scenario 4,not-correlated,scen_4id_1_objs_800_size_1240_sets_36_k_53_not-correlated.txt,800,3997.0,9.11
scenario 4,not-correlated,scen_4id_2_objs_1000_size_1550_sets_36_k_67_not-correlated.txt,1000,4874.0,22.42
scenario 4,not-correlated,scen_4id_2_objs_300_size_465_sets_36_k_20_not-correlated.txt,300,1609.0,0.31
scenario 4,not-correlated,scen_4id_2_objs_500_size_775_sets_35_k_33_not-correlated.txt,500,2717.0,1.76
scenario 4,not-correlated,scen_4id_2_objs_700_size_1085_sets_37_k_47_not-correlated.txt,700,3585.0,4.98
scenario 4,not-correlated,scen_4id_2_objs_800_size_1240_sets_41_k_53_not-correlated.txt,800,4152.0,9.15
scenario 4,not-correlated,scen_4id_3_objs_1000_size_1550_sets_34_k_67_not-correlated.txt,1000,5360.0,24.01
scenario 4,not-correlated,scen_4id_3_objs_300_size_465_sets_35_k_20_not-correlated.txt,300,1540.0,0.29
scenario 4,not-correlated,scen_4id_3_objs_500_size_775_sets_33_k_33_not-correlated.txt,500,2651.0,1.81
scenario 4,not-correlated,scen_4id_3_objs_700_size_1085_sets_38_k_47_not-correlated.txt,700,3686.0,4.73
scenario 4,not-correlated,scen_4id_3_objs_800_size_1240_sets_42_k_53_not-correlated.txt,800,4089.0,8.29
scenario 4,not-correlated,scen_4id_4_objs_1000_size_1550_sets_45_k_67_not-correlated.txt,1000,5135.0,19.37
scenario 4,not-correlated,scen_4id_4_objs_300_size_465_sets_35_k_20_not-correlated.txt,300,1802.0,0.31
scenario 4,not-correlated,scen_4id_4_objs_500_size_775_sets_39_k_33_not-correlated.txt,500,2484.0,1.86
scenario 4,not-correlated,scen_4id_4_objs_700_size_1085_sets_35_k_47_not-correlated.txt,700,3407.0,6.18
scenario 4,not-correlated,scen_4id_4_objs_800_size_1240_sets_35_k_53_not-correlated.txt,800,4038.0,9.63
scenario 4,not-correlated,scen_4id_5_objs_1000_size_1550_sets_36_k_67_not-correlated.txt,1000,4755.0,21.83
scenario 4,not-correlated,scen_4id_5_objs_300_size_465_sets_40_k_20_not-correlated.txt,300,1547.0,0.22
scenario 4,not-correlated,scen_4id_5_objs_500_size_775_sets_40_k_33_not-correlated.txt,500,2594.0,1.55
scenario 4,not-correlated,scen_4id_5_objs_700_size_1085_sets_36_k_47_not-correlated.txt,700,3544.0,5.32
scenario 4,not-correlated,scen_4id_5_objs_800_size_1240_sets_41_k_53_not-correlated.txt,800,3933.0,8.76
scenario 4,not-correlated,scen_4id_6_objs_1000_size_1550_sets_40_k_67_not-correlated.txt,1000,5332.0,22.89
scenario 4,not-correlated,scen_4id_6_objs_300_size_465_sets_38_k_20_not-correlated.txt,300,1658.0,0.27
scenario 4,not-correlated,scen_4id_6_objs_500_size_775_sets_38_k_33_not-correlated.txt,500,2560.0,1.52
scenario 4,not-correlated,scen_4id_6_objs_700_size_1085_sets_35_k_47_not-correlated.txt,700,3780.0,5.37
scenario 4,not-correlated,scen_4id_6_objs_800_size_1240_sets_41_k_53_not-correlated.txt,800,4238.0,7.65
scenario 4,not-correlated,scen_4id_7_objs_1000_size_1550_sets_39_k_67_not-correlated.txt,1000,5258.0,19.33
scenario 4,not-correlated,scen_4id_7_objs_300_size_465_sets_33_k_20_not-correlated.txt,300,1581.0,0.36
scenario 4,not-correlated,scen_4id_7_objs_500_size_775_sets_36_k_33_not-correlated.txt,500,2737.0,1.61
scenario 4,not-correlated,scen_4id_7_objs_700_size_1085_sets_38_k_47_not-correlated.txt,700,3618.0,5.11
scenario 4,not-correlated,scen_4id_7_objs_800_size_1240_sets_36_k_53_not-correlated.txt,800,4154.0,9.49
scenario 4,not-correlated,scen_4id_8_objs_1000_size_1550_sets_33_k_67_not-correlated.txt,1000,5374.0,23.44
scenario 4,not-correlated,scen_4id_8_objs_300_size_465_sets_37_k_20_not-correlated.txt,300,1511.0,0.42
scenario 4,not-correlated,scen_4id_8_objs_500_size_775_sets_32_k_33_not-correlated.txt,500,2707.0,2.00
scenario 4,not-correlated,scen_4id_8_objs_700_size_1085_sets_36_k_47_not-correlated.txt,700,3879.0,5.72
scenario 4,not-correlated,scen_4id_8_objs_800_size_1240_sets_41_k_53_not-correlated.txt,800,4366.0,8.97
scenario 4,not-correlated,scen_4id_9_objs_1000_size_1550_sets_40_k_67_not-correlated.txt,1000,5146.0,22.93
scenario 4,not-correlated,scen_4id_9_objs_300_size_465_sets_33_k_20_not-correlated.txt,300,1575.0,0.29
scenario 4,not-correlated,scen_4id_9_objs_500_size_775_sets_42_k_33_not-correlated.txt,500,2567.0,1.45
scenario 4,not-correlated,scen_4id_9_objs_700_size_1085_sets_42_k_47_not-correlated.txt,700,3685.0,4.97
scenario 4,not-correlated,scen_4id_9_objs_800_size_1240_sets_41_k_53_not-correlated.txt,800,4045.0,8.60
